{
    "centroid_matang": [
        193.12071428571426,
        190.48,
        187.82785714285714,
        102.87928571428571,
        16.52785714285714,
        195.69714285714286
    ],
    "centroid_mentah": [
        228.81705882352938,
        231.2547058823529,
        229.56647058823523,
        38.455882352941174,
        6.322941176470588,
        232.02882352941174
    ],
    "distance_threshold": 149.9112580455619,
    "confidence_threshold": 60.0
}